{"num_classes": 19, "class_names": ["action", "adventure", "animation", "comedy", "crime", "documentary", "drama", "family", "fantasy", "history", "horror", "music", "mystery", "romance", "science fiction", "thriller", "tv movie", "war", "western"], "max_tokens": 20000, "output_sequence_length": 100, "thresholds": [0.2520408163265306, 0.2704081632653061, 0.3438775510204081, 0.17857142857142855, 0.4724489795918367, 0.36224489795918363, 0.16020408163265304, 0.21530612244897956, 0.23367346938775507, 0.12346938775510204, 0.36224489795918363, 0.3071428571428571, 0.19693877551020406, 0.2704081632653061, 0.2520408163265306, 0.3071428571428571, 0.08673469387755102, 0.12346938775510204, 0.17857142857142855]}